{"accuracy": [0.5076855421066284, 0.495827853679657, 0.4536671042442322, 0.504172146320343, 0.47562581300735474, 0.4554238021373749], "auc": [0.4887310266494751, 0.5058857202529907, 0.49260440468788147, 0.5129823088645935, 0.49645525217056274, 0.4852710962295532], "loss": [0.6955317854881287, 0.6943451762199402, 0.6953247785568237, 0.6944237351417542, 0.6948327422142029, 0.6948663592338562], "val_accuracy": [0.39182281494140625, 0.39182281494140625, 0.6081771850585938, 0.39182281494140625, 0.39182281494140625, 0.39182281494140625], "val_auc": [0.5, 0.5, 0.5, 0.5, 0.5, 0.5], "val_loss": [0.6942115426063538, 0.6968809366226196, 0.69272381067276, 0.6935689449310303, 0.6973382830619812, 0.6984922885894775], "learning_rate": [0.0010000000474974513, 0.0010000000474974513, 0.0010000000474974513, 0.0010000000474974513, 0.0010000000474974513, 0.0010000000474974513]}