{"accuracy": [0.5494071245193481, 0.5845410823822021, 0.6043038964271545, 0.6056214570999146, 0.6157224178314209, 0.6372419595718384, 0.6517347097396851, 0.6613965630531311, 0.6723759174346924, 0.6868686676025391, 0.6974088549613953], "auc": [0.5649470686912537, 0.6115135550498962, 0.6345337629318237, 0.6523763537406921, 0.662309467792511, 0.691560685634613, 0.703546941280365, 0.7274742722511292, 0.7352465391159058, 0.7617939710617065, 0.7750803232192993], "loss": [0.6896331310272217, 0.67822265625, 0.6695679426193237, 0.6599200367927551, 0.653592586517334, 0.636252224445343, 0.6289881467819214, 0.6107416749000549, 0.6037776470184326, 0.581145703792572, 0.5677715539932251], "val_accuracy": [0.6490630507469177, 0.6354343891143799, 0.5536627173423767, 0.6388415694236755, 0.6678023934364319, 0.7035775184631348, 0.6558773517608643, 0.6643952131271362, 0.6473594307899475, 0.695059597492218, 0.6388415694236755], "val_auc": [0.7006697654724121, 0.7074230313301086, 0.7374070882797241, 0.7408964037895203, 0.7393922805786133, 0.7554987072944641, 0.753403902053833, 0.7346851825714111, 0.7291682362556458, 0.7493910193443298, 0.7459140419960022], "val_loss": [0.632530927658081, 0.6335973143577576, 0.6774613857269287, 0.6431660056114197, 0.5911123156547546, 0.5881367921829224, 0.5795015096664429, 0.623127818107605, 0.5994251370429993, 0.5842251777648926, 0.6193894743919373], "learning_rate": [9.999999747378752e-06, 9.999999747378752e-06, 9.999999747378752e-06, 9.999999747378752e-06, 9.999999747378752e-06, 9.999999747378752e-06, 9.999999747378752e-06, 9.999999747378752e-06, 9.999999747378752e-06, 4.999999873689376e-06, 4.999999873689376e-06]}