{"accuracy": [0.7198067903518677, 0.7342995405197144, 0.7439613342285156, 0.7527448534965515, 0.7553799152374268, 0.7580149173736572, 0.7672376036643982, 0.7768994569778442, 0.7755818963050842, 0.7900746464729309], "auc": [0.8062958121299744, 0.8184181451797485, 0.8274544477462769, 0.8369367718696594, 0.8439378142356873, 0.8455601930618286, 0.8577376008033752, 0.8586040735244751, 0.8643263578414917, 0.8710633516311646], "loss": [0.535525381565094, 0.5200989246368408, 0.5133947134017944, 0.5030906200408936, 0.4899112582206726, 0.4864901900291443, 0.4724031090736389, 0.4707949459552765, 0.4631311297416687, 0.4528346061706543], "val_accuracy": [0.6882452964782715, 0.7052810788154602, 0.7018739581108093, 0.6848381757736206, 0.6797274351119995, 0.6558773517608643, 0.6763202548027039, 0.6848381757736206, 0.6269165277481079, 0.6780238747596741], "val_auc": [0.7526245713233948, 0.7579953074455261, 0.7584155201911926, 0.7563877105712891, 0.7631043195724487, 0.7551150321960449, 0.7514249086380005, 0.7619047164916992, 0.748769998550415, 0.7625319957733154], "val_loss": [0.5729401111602783, 0.5781487822532654, 0.582496166229248, 0.5840576887130737, 0.612275242805481, 0.621191680431366, 0.6021407842636108, 0.5964092016220093, 0.6959108710289001, 0.6059116721153259], "learning_rate": [9.999999974752427e-07, 9.999999974752427e-07, 9.999999974752427e-07, 9.999999974752427e-07, 9.999999974752427e-07, 9.999999974752427e-07, 9.999999974752427e-07, 9.999999974752427e-07, 4.999999987376214e-07, 4.999999987376214e-07]}