{"accuracy": [0.48748353123664856, 0.5050504803657532, 0.5335968136787415, 0.5283267498016357, 0.5458937287330627, 0.5516029596328735, 0.5436978340148926, 0.548528790473938, 0.5581905841827393, 0.5533596873283386], "auc": [0.48498842120170593, 0.5259618163108826, 0.5488059520721436, 0.5406439304351807, 0.5561840534210205, 0.5673312544822693, 0.5688047409057617, 0.5747672319412231, 0.5946935415267944, 0.5757894515991211], "loss": [0.7391981482505798, 0.6997437477111816, 0.6927258968353271, 0.6927259564399719, 0.6900888681411743, 0.6884645819664001, 0.6878109574317932, 0.6855668425559998, 0.6818856596946716, 0.6857503056526184], "val_accuracy": [0.39182281494140625, 0.6218057870864868, 0.6303237080574036, 0.6115843057632446, 0.6371380090713501, 0.640545129776001, 0.6712095141410828, 0.6337308287620544, 0.6524701714515686, 0.6354343891143799], "val_auc": [0.6252771019935608, 0.6803556680679321, 0.6875897645950317, 0.6849348545074463, 0.6851906180381775, 0.6954268217086792, 0.6955851912498474, 0.694379448890686, 0.6945986747741699, 0.6944707632064819], "val_loss": [0.7248329520225525, 0.6788470149040222, 0.6829610466957092, 0.668985903263092, 0.6746071577072144, 0.6775113344192505, 0.6706664562225342, 0.6727014780044556, 0.6647313237190247, 0.6711533069610596], "learning_rate": [9.999999747378752e-05, 9.999999747378752e-05, 9.999999747378752e-05, 9.999999747378752e-05, 9.999999747378752e-05, 9.999999747378752e-05, 9.999999747378752e-05, 9.999999747378752e-05, 9.999999747378752e-05, 9.999999747378752e-05]}