{
  "seed": 42,
  "img_size": [
    224,
    224
  ],
  "batch_size": 16,
  "baseline_epochs": 20,
  "transfer_stage1_epochs": 20,
  "transfer_stage2_epochs": 10,
  "learning_rate_baseline": 0.001,
  "learning_rate_transfer_stage1": 0.001,
  "learning_rate_transfer_stage2": 0.0001,
  "dropout_rate": 0.5,
  "augmentation": {
    "rotation_range": 10,
    "width_shift_range": 0.1,
    "height_shift_range": 0.1,
    "horizontal_flip": true,
    "brightness_range": [
      0.9,
      1.1
    ],
    "zoom_range": 0.1
  },
  "experiment_date": "20251218_160937",
  "class_weights": {
    "0": 0.8508615567439097,
    "1": 1.212531752751905
  },
  "n_train_patients": 1966,
  "n_val_patients": 492,
  "n_train_samples": 2277,
  "n_val_samples": 587,
  "n_test_samples": 704,
  "baseline_best_val_auc": 0.6721287965774536,
  "transfer_backbone": "EfficientNetB0",
  "transfer_total_params": 4410532,
  "transfer_stage1_best_val_auc": 0.5,
  "transfer_stage2_best_val_auc": 0.5273474454879761,
  "baseline_threshold": 0.510922908782959,
  "transfer_threshold": 0.5178679823875427,
  "test_results": {
    "baseline": {
      "accuracy": 0.5909090909090909,
      "precision": 0.4842105263157895,
      "recall": 0.6666666666666666,
      "specificity": 0.5420560747663551,
      "f1": 0.5609756097560976,
      "auc": 0.6254571312474604,
      "confusion_matrix": [
        [
          232,
          196
        ],
        [
          92,
          184
        ]
      ]
    },
    "transfer": {
      "accuracy": 0.5482954545454546,
      "precision": 0.437125748502994,
      "recall": 0.5289855072463768,
      "specificity": 0.5607476635514018,
      "f1": 0.4786885245901639,
      "auc": 0.5385852634430448,
      "confusion_matrix": [
        [
          240,
          188
        ],
        [
          130,
          146
        ]
      ]
    }
  }
}