{
  "seed": 42,
  "img_size": [
    512,
    512
  ],
  "batch_size": 8,
  "baseline_epochs": 20,
  "transfer_stage1_epochs": 20,
  "transfer_stage2_epochs": 10,
  "learning_rate_baseline": 0.001,
  "learning_rate_transfer_stage1": 0.0001,
  "learning_rate_transfer_stage2": 1e-05,
  "dropout_rate": 0.5,
  "augmentation": {
    "rotation_range": 10,
    "width_shift_range": 0.1,
    "height_shift_range": 0.1,
    "horizontal_flip": true,
    "brightness_range": [
      0.9,
      1.1
    ],
    "zoom_range": 0.1
  },
  "iteration": "Iteration 3 (Resolution 512 + CLAHE)",
  "log_filename": "experiment_log_v3.json",
  "experiment_date": "20260311_170801",
  "class_weights": {
    "0": 0.8508615567439097,
    "1": 1.212531752751905
  },
  "n_train_patients": 1966,
  "n_val_patients": 492,
  "n_train_samples": 2277,
  "n_val_samples": 587,
  "n_test_samples": 704,
  "baseline_best_val_auc": 0.5,
  "transfer_backbone": "EfficientNetB0",
  "transfer_total_params": 4410532,
  "transfer_stage1_best_val_auc": 0.5,
  "transfer_stage2_best_val_auc": 0.5271099805831909,
  "baseline_threshold": 0.5077968835830688,
  "transfer_threshold": 0.5074683427810669,
  "test_results": {
    "baseline": {
      "accuracy": 0.46732954545454547,
      "precision": 0.4091743119266055,
      "recall": 0.8079710144927537,
      "specificity": 0.24766355140186916,
      "f1": 0.5432399512789281,
      "auc": 0.5799387105512664,
      "confusion_matrix": [
        [
          106,
          322
        ],
        [
          53,
          223
        ]
      ]
    },
    "transfer": {
      "accuracy": 0.5838068181818182,
      "precision": 0.373134328358209,
      "recall": 0.09057971014492754,
      "specificity": 0.9018691588785047,
      "f1": 0.1457725947521866,
      "auc": 0.47467154273330625,
      "confusion_matrix": [
        [
          386,
          42
        ],
        [
          251,
          25
        ]
      ]
    }
  }
}